{"success rate": 0.940625, "reward": -0.059375000000000004, "curriculum param": 1.0999999999999999, "run time": 4.70358558482594, "_runtime": 17552, "_timestamp": 1639722203, "_step": 130000}